_time,_value_norm_2,_value_norm_28,_value_norm_54
2024-04-01 03:00:00+00:00,-0.1792051578403076,-0.17409930209645724,-0.29741315169402366
2024-04-01 04:00:00+00:00,-0.1792051578403076,-0.17409930209645724,-0.29741315169402366
2024-04-01 05:00:00+00:00,-0.1792051578403076,-0.17409930209645724,-0.29741315169402366
2024-04-01 06:00:00+00:00,-0.1792051578403076,-0.17409930209645724,-0.29741315169402366
2024-04-01 07:00:00+00:00,-0.1792051578403076,-0.17409930209645724,-0.29741315169402366
2024-04-01 08:00:00+00:00,-0.1792051578403076,-0.17409930209645724,-0.29741315169402366
2024-04-01 09:00:00+00:00,-0.1792051578403076,-0.17409930209645724,-0.29741315169402366
2024-04-01 10:00:00+00:00,-0.1792051578403076,-0.17409930209645724,-0.29741315169402366
2024-04-01 11:00:00+00:00,-0.1792051578403076,-0.17409930209645724,1.1138550535332943
2024-04-01 12:00:00+00:00,-0.1792051578403076,-0.17409930209645724,-0.29741315169402366
2024-04-01 13:00:00+00:00,-0.1792051578403076,-0.17409930209645724,-0.08543549357688576
2024-04-01 14:00:00+00:00,-0.1792051578403076,-0.17409930209645724,2.220450285738014
2024-04-01 15:00:00+00:00,-0.1792051578403076,-0.17409930209645724,1.3976895449104791
2024-04-01 16:00:00+00:00,-0.1792051578403076,-0.17409930209645724,0.22642316277171712
2024-04-01 17:00:00+00:00,-0.1792051578403076,-0.17409930209645724,0.7876250305326822
2024-04-01 18:00:00+00:00,0.24499421633706503,-0.17409930209645724,-0.29741315169402366
2024-04-01 19:00:00+00:00,-0.1792051578403076,-0.17409930209645724,0.6424742273473878
2024-04-01 20:00:00+00:00,-0.1792051578403076,-0.17409930209645724,2.2923071189980613
2024-04-01 21:00:00+00:00,-0.1792051578403076,-0.17409930209645724,-0.29741315169402366
2024-04-01 22:00:00+00:00,-0.1792051578403076,-0.17409930209645724,-0.29741315169402366
2024-04-01 23:00:00+00:00,-0.1792051578403076,-0.17409930209645724,0.5864258974045513
2024-04-02 00:00:00+00:00,1.8145319007933438,-0.17409930209645724,0.5310961357943154
2024-04-02 01:00:00+00:00,-0.1792051578403076,-0.17409930209645724,-0.29741315169402366
2024-04-02 02:00:00+00:00,0.338318078656087,1.972092015759489,0.9349315387157779
2024-04-02 03:00:00+00:00,-0.1792051578403076,-0.17409930209645724,-0.29741315169402366
2024-04-02 04:00:00+00:00,-0.1792051578403076,-0.17409930209645724,-0.29741315169402366
2024-04-02 05:00:00+00:00,-0.1792051578403076,-0.17409930209645724,-0.29741315169402366
2024-04-02 06:00:00+00:00,-0.1792051578403076,-0.17409930209645724,-0.179567945147547
2024-04-02 07:00:00+00:00,-0.1792051578403076,-0.17409930209645724,-0.29741315169402366
2024-04-02 08:00:00+00:00,0.07531446666611596,-0.17409930209645724,-0.29741315169402366
2024-04-02 09:00:00+00:00,-0.1792051578403076,-0.17409930209645724,0.16606342283327785
2024-04-02 10:00:00+00:00,-0.1792051578403076,-0.17409930209645724,-0.29741315169402366
2024-04-02 11:00:00+00:00,-0.1792051578403076,-0.17409930209645724,-0.21621493011017084
2024-04-02 12:00:00+00:00,0.5309045945326142,-0.17409930209645724,-0.29741315169402366
2024-04-02 13:00:00+00:00,-0.1792051578403076,-0.17409930209645724,4.972566999597805
2024-04-02 14:00:00+00:00,-0.1792051578403076,-0.17409930209645724,0.27887865105155124
2024-04-02 15:00:00+00:00,-0.1792051578403076,-0.17409930209645724,-0.06747128526187407
2024-04-02 16:00:00+00:00,-0.1792051578403076,-0.17409930209645724,0.06187101460621008
2024-04-02 17:00:00+00:00,-0.1792051578403076,2.203011334769306,0.1603148761724741
2024-04-02 18:00:00+00:00,-0.1792051578403076,-0.17409930209645724,-0.29741315169402366
2024-04-02 19:00:00+00:00,-0.1792051578403076,-0.17409930209645724,-0.29741315169402366
2024-04-02 20:00:00+00:00,-0.1792051578403076,-0.17409930209645724,0.8731346621121377
2024-04-02 21:00:00+00:00,-0.1792051578403076,-0.17409930209645724,-0.29741315169402366
2024-04-02 22:00:00+00:00,-0.1792051578403076,-0.17409930209645724,0.9449914953721845
2024-04-02 23:00:00+00:00,-0.1792051578403076,-0.17409930209645724,0.23792025609332462
2024-04-03 00:00:00+00:00,-0.1792051578403076,-0.17409930209645724,-0.29741315169402366
2024-04-03 01:00:00+00:00,-0.1792051578403076,-0.17409930209645724,0.10211084123183625
2024-04-03 02:00:00+00:00,-0.1792051578403076,-0.17409930209645724,-0.29741315169402366
2024-04-03 03:00:00+00:00,-0.1792051578403076,-0.17409930209645724,-0.29741315169402366
2024-04-03 04:00:00+00:00,-0.1792051578403076,-0.17409930209645724,-0.29741315169402366
2024-04-03 05:00:00+00:00,-0.1792051578403076,-0.17409930209645724,-0.29741315169402366
2024-04-03 06:00:00+00:00,-0.1792051578403076,-0.17409930209645724,-0.29741315169402366
2024-04-03 07:00:00+00:00,-0.1792051578403076,-0.17409930209645724,-0.29741315169402366
2024-04-03 08:00:00+00:00,-0.1792051578403076,-0.17409930209645724,-0.29741315169402366
2024-04-03 09:00:00+00:00,-0.1792051578403076,-0.17409930209645724,-0.29741315169402366
2024-04-03 10:00:00+00:00,-0.1792051578403076,-0.17409930209645724,-0.29741315169402366
2024-04-03 11:00:00+00:00,-0.1792051578403076,-0.17409930209645724,-0.29741315169402366
2024-04-03 12:00:00+00:00,-0.1792051578403076,-0.17409930209645724,1.3825996099258693
2024-04-03 13:00:00+00:00,-0.1792051578403076,-0.17409930209645724,-0.10196256522669651
2024-04-03 14:00:00+00:00,-0.1792051578403076,-0.17409930209645724,-0.012860091984238542
2024-04-03 15:00:00+00:00,1.324157424244301,-0.17409930209645724,1.9409272043564325
2024-04-03 16:00:00+00:00,-0.1792051578403076,-0.17409930209645724,0.26738155772994376
2024-04-03 17:00:00+00:00,-0.1792051578403076,-0.17409930209645724,-0.29741315169402366
2024-04-03 18:00:00+00:00,0.07531446666611596,-0.17409930209645724,1.2877485900226076
2024-04-03 19:00:00+00:00,0.9924335136375957,-0.17409930209645724,1.5593674197455842
2024-04-03 20:00:00+00:00,-0.1792051578403076,-0.17409930209645724,-0.29741315169402366
2024-04-03 21:00:00+00:00,-0.1792051578403076,-0.17409930209645724,-0.29741315169402366
2024-04-03 22:00:00+00:00,-0.1792051578403076,-0.17409930209645724,1.8899088527417993
2024-04-03 23:00:00+00:00,0.1262183915674007,-0.17409930209645724,-0.2039992684559629
2024-04-04 00:00:00+00:00,-0.1792051578403076,-0.17409930209645724,0.7516966139026587
2024-04-04 01:00:00+00:00,-0.1792051578403076,-0.17409930209645724,-0.29741315169402366
2024-04-04 02:00:00+00:00,-0.1792051578403076,-0.17409930209645724,-0.29741315169402366
2024-04-04 03:00:00+00:00,-0.1792051578403076,-0.17409930209645724,-0.29741315169402366
2024-04-04 04:00:00+00:00,-0.1792051578403076,-0.17409930209645724,-0.29741315169402366
2024-04-04 05:00:00+00:00,-0.1792051578403076,-0.17409930209645724,-0.29741315169402366
2024-04-04 06:00:00+00:00,-0.1792051578403076,-0.17409930209645724,-0.29741315169402366
2024-04-04 07:00:00+00:00,-0.1792051578403076,-0.17409930209645724,-0.29741315169402366
2024-04-04 08:00:00+00:00,-0.1792051578403076,-0.17409930209645724,-0.29741315169402366
2024-04-04 09:00:00+00:00,-0.1792051578403076,-0.17409930209645724,0.7775650738762756
2024-04-04 10:00:00+00:00,-0.1792051578403076,-0.17409930209645724,-0.29741315169402366
2024-04-04 11:00:00+00:00,-0.1792051578403076,-0.17409930209645724,0.1387578261944601
2024-04-04 12:00:00+00:00,-0.1792051578403076,3.672497910286323,1.2137360517647593
2024-04-04 13:00:00+00:00,-0.1792051578403076,-0.17409930209645724,-0.29741315169402366
2024-04-04 14:00:00+00:00,-0.1792051578403076,3.5811180728171976,0.0834280645842241
2024-04-04 15:00:00+00:00,-0.1792051578403076,-0.17409930209645724,-0.29741315169402366
2024-04-04 16:00:00+00:00,-0.1792051578403076,-0.17409930209645724,-0.03872855195785537
2024-04-04 17:00:00+00:00,-0.1792051578403076,-0.17409930209645724,-0.29741315169402366
2024-04-04 18:00:00+00:00,-0.1792051578403076,-0.17409930209645724,-0.29741315169402366
2024-04-04 19:00:00+00:00,-0.1792051578403076,1.0410055637092108,-0.29741315169402366
2024-04-04 20:00:00+00:00,-0.1792051578403076,1.7152405807111364,-0.29741315169402366
2024-04-04 21:00:00+00:00,-0.1792051578403076,-0.17409930209645724,1.4293065515448997
2024-04-04 22:00:00+00:00,-0.1792051578403076,-0.17409930209645724,0.725828153929042
2024-04-04 23:00:00+00:00,2.300664383600613,2.4055288124035843,-0.29741315169402366
2024-04-05 00:00:00+00:00,-0.1792051578403076,1.2645157067080177,-0.29741315169402366
2024-04-05 01:00:00+00:00,-0.1792051578403076,-0.17409930209645724,-0.29741315169402366
2024-04-05 02:00:00+00:00,-0.1792051578403076,-0.17409930209645724,-0.29741315169402366
2024-04-05 03:00:00+00:00,-0.1792051578403076,-0.17409930209645724,-0.29741315169402366
2024-04-05 04:00:00+00:00,-0.1792051578403076,-0.17409930209645724,-0.29741315169402366
2024-04-05 05:00:00+00:00,-0.1792051578403076,-0.17409930209645724,-0.29741315169402366
2024-04-05 06:00:00+00:00,-0.1792051578403076,-0.17409930209645724,-0.29741315169402366
2024-04-05 07:00:00+00:00,-0.1792051578403076,-0.17409930209645724,-0.29741315169402366
2024-04-05 08:00:00+00:00,-0.1792051578403076,-0.17409930209645724,-0.29741315169402366
2024-04-05 09:00:00+00:00,-0.1792051578403076,-0.17409930209645724,0.5864258974045513
2024-04-05 10:00:00+00:00,-0.1792051578403076,-0.17409930209645724,-0.29741315169402366
2024-04-05 11:00:00+00:00,-0.1792051578403076,-0.17409930209645724,0.06187101460621008
2024-04-05 12:00:00+00:00,-0.1792051578403076,-0.17409930209645724,5.2664614476313965
2024-04-05 13:00:00+00:00,-0.1792051578403076,-0.17409930209645724,0.4628321441972709
2024-04-05 14:00:00+00:00,-0.1792051578403076,-0.17409930209645724,0.07121240293001616
2024-04-05 15:00:00+00:00,1.3402770004630413,-0.17409930209645724,-0.29741315169402366
2024-04-05 16:00:00+00:00,-0.1792051578403076,-0.17409930209645724,5.450414940777116
2024-04-05 17:00:00+00:00,-0.1792051578403076,-0.17409930209645724,-0.29741315169402366
2024-04-05 18:00:00+00:00,5.192007317993585,-0.17409930209645724,1.0391239469428457
2024-04-05 19:00:00+00:00,-0.0052834144275848306,1.6979525033521128,-0.29741315169402366
2024-04-05 20:00:00+00:00,-0.1792051578403076,-0.17409930209645724,0.28175292438195315
2024-04-05 21:00:00+00:00,4.67448408149719,-0.17409930209645724,-0.29741315169402366
2024-04-05 22:00:00+00:00,1.4386912552721918,-0.17409930209645724,2.211108897414208
2024-04-05 23:00:00+00:00,0.032894529248378705,-0.17409930209645724,-0.29741315169402366
2024-04-06 00:00:00+00:00,1.0670926034928132,-0.17409930209645724,1.2999642516768155
2024-04-06 01:00:00+00:00,1.2774954930847902,-0.17409930209645724,-0.29741315169402366
2024-04-06 02:00:00+00:00,-0.1792051578403076,-0.17409930209645724,-0.008548681988635736
2024-04-06 03:00:00+00:00,-0.1792051578403076,-0.17409930209645724,-0.29741315169402366
2024-04-06 04:00:00+00:00,-0.1792051578403076,-0.17409930209645724,-0.29741315169402366
2024-04-06 05:00:00+00:00,-0.1792051578403076,-0.17409930209645724,0.06187101460621008
2024-04-06 06:00:00+00:00,-0.1792051578403076,-0.17409930209645724,-0.29741315169402366
2024-04-06 07:00:00+00:00,-0.1792051578403076,-0.17409930209645724,-0.29741315169402366
2024-04-06 08:00:00+00:00,-0.1792051578403076,-0.17409930209645724,-0.29741315169402366
2024-04-06 09:00:00+00:00,-0.1792051578403076,-0.17409930209645724,-0.29741315169402366
2024-04-06 10:00:00+00:00,-0.1792051578403076,-0.17409930209645724,-0.29741315169402366
2024-04-06 11:00:00+00:00,-0.1792051578403076,-0.17409930209645724,-0.29741315169402366
2024-04-06 12:00:00+00:00,-0.1792051578403076,-0.17409930209645724,0.9493029053677874
2024-04-06 13:00:00+00:00,-0.1792051578403076,-0.17409930209645724,0.16821912783107926
2024-04-06 14:00:00+00:00,-0.1792051578403076,-0.17409930209645724,-0.29741315169402366
2024-04-06 15:00:00+00:00,-0.1792051578403076,-0.17409930209645724,-0.29741315169402366
2024-04-06 16:00:00+00:00,0.04986250421547361,-0.17409930209645724,0.17684194782228488
2024-04-06 17:00:00+00:00,-0.1792051578403076,-0.17409930209645724,-0.29741315169402366
2024-04-06 18:00:00+00:00,-0.1792051578403076,-0.17409930209645724,0.6446299323451892
2024-04-06 19:00:00+00:00,-0.1792051578403076,-0.17409930209645724,-0.29741315169402366
2024-04-06 20:00:00+00:00,-0.009525408169358558,-0.17409930209645724,-0.29741315169402366
2024-04-06 21:00:00+00:00,-0.1792051578403076,-0.17409930209645724,-0.29741315169402366
2024-04-06 22:00:00+00:00,-0.1792051578403076,-0.17409930209645724,-0.29741315169402366
2024-04-06 23:00:00+00:00,-0.1792051578403076,-0.17409930209645724,-0.29741315169402366
2024-04-07 00:00:00+00:00,-0.1792051578403076,-0.17409930209645724,-0.29741315169402366
2024-04-07 01:00:00+00:00,-0.1792051578403076,-0.17409930209645724,-0.29741315169402366
2024-04-07 02:00:00+00:00,-0.1792051578403076,-0.17409930209645724,0.18690190447869143
2024-04-07 03:00:00+00:00,0.1601543415015905,-0.17409930209645724,-0.29741315169402366
2024-04-07 04:00:00+00:00,-0.1792051578403076,-0.17409930209645724,-0.29741315169402366
2024-04-07 05:00:00+00:00,-0.1792051578403076,-0.17409930209645724,-0.29741315169402366
2024-04-07 06:00:00+00:00,-0.1792051578403076,-0.17409930209645724,-0.29741315169402366
2024-04-07 07:00:00+00:00,-0.1792051578403076,-0.17409930209645724,-0.29741315169402366
2024-04-07 08:00:00+00:00,-0.1792051578403076,-0.17409930209645724,-0.29741315169402366
2024-04-07 09:00:00+00:00,-0.1792051578403076,-0.17409930209645724,-0.29741315169402366
2024-04-07 10:00:00+00:00,-0.1792051578403076,-0.17409930209645724,-0.29741315169402366
2024-04-07 11:00:00+00:00,-0.1792051578403076,-0.17409930209645724,-0.29741315169402366
2024-04-07 12:00:00+00:00,-0.1792051578403076,-0.17409930209645724,-0.29741315169402366
2024-04-07 13:00:00+00:00,-0.1792051578403076,15.209819822097662,-0.29741315169402366
2024-04-07 14:00:00+00:00,-0.1792051578403076,-0.17409930209645724,-0.29741315169402366
2024-04-07 15:00:00+00:00,-0.1792051578403076,-0.17409930209645724,-0.29741315169402366
2024-04-07 16:00:00+00:00,-0.1792051578403076,-0.17409930209645724,-0.29741315169402366
2024-04-07 17:00:00+00:00,-0.1792051578403076,-0.17409930209645724,0.493730582499091
2024-04-07 18:00:00+00:00,0.1601543415015905,-0.17409930209645724,-0.25142477840759375
2024-04-07 19:00:00+00:00,-0.1792051578403076,-0.17409930209645724,-0.29741315169402366
2024-04-07 20:00:00+00:00,-0.1792051578403076,-0.17409930209645724,1.3861924515888715
2024-04-07 21:00:00+00:00,-0.1792051578403076,-0.17409930209645724,0.44558650421485974
2024-04-07 22:00:00+00:00,-0.1792051578403076,-0.17409930209645724,-0.29741315169402366
2024-04-07 23:00:00+00:00,-0.1792051578403076,-0.17409930209645724,-0.29741315169402366
2024-04-08 00:00:00+00:00,-0.1792051578403076,-0.17409930209645724,-0.29741315169402366
2024-04-08 01:00:00+00:00,-0.1792051578403076,-0.17409930209645724,-0.29741315169402366
2024-04-08 02:00:00+00:00,-0.1792051578403076,-0.17409930209645724,-0.29741315169402366
2024-04-08 03:00:00+00:00,-0.1792051578403076,-0.17409930209645724,-0.29741315169402366
2024-04-08 04:00:00+00:00,-0.1792051578403076,-0.17409930209645724,-0.29741315169402366
2024-04-08 05:00:00+00:00,-0.1792051578403076,-0.17409930209645724,-0.29741315169402366
2024-04-08 06:00:00+00:00,-0.1792051578403076,-0.17409930209645724,-0.29741315169402366
2024-04-08 07:00:00+00:00,-0.1792051578403076,-0.17409930209645724,-0.29741315169402366
2024-04-08 08:00:00+00:00,-0.1792051578403076,-0.17409930209645724,-0.29741315169402366
2024-04-08 09:00:00+00:00,-0.1792051578403076,-0.17409930209645724,-0.29741315169402366
2024-04-08 10:00:00+00:00,-0.1792051578403076,-0.17409930209645724,-0.29741315169402366
2024-04-08 11:00:00+00:00,-0.009525408169358558,-0.17409930209645724,1.9653585276648484
2024-04-08 12:00:00+00:00,-0.1792051578403076,-0.17409930209645724,-0.29741315169402366
2024-04-08 13:00:00+00:00,-0.1792051578403076,-0.17409930209645724,-0.08543549357688576
2024-04-08 14:00:00+00:00,-0.1792051578403076,-0.17409930209645724,-0.29741315169402366
2024-04-08 15:00:00+00:00,-0.1792051578403076,-0.17409930209645724,2.2527858607050355
2024-04-08 16:00:00+00:00,-0.1792051578403076,-0.17409930209645724,1.409905206564687
2024-04-08 17:00:00+00:00,-0.1792051578403076,2.8624279997492112,0.1430692361900629
2024-04-08 18:00:00+00:00,-0.1792051578403076,-0.17409930209645724,-0.06387844359887174
2024-04-08 19:00:00+00:00,-0.1792051578403076,0.008660372841793643,1.1706219518087313
2024-04-08 20:00:00+00:00,-0.1792051578403076,-0.17409930209645724,-0.29741315169402366
2024-04-08 21:00:00+00:00,1.1324193071161286,0.4433320321543904,-0.29741315169402366
2024-04-08 22:00:00+00:00,0.7107651291838202,-0.17409930209645724,0.07983522292122176
2024-04-08 23:00:00+00:00,0.4859394608698127,2.7216536555400177,0.8961288487553527
2024-04-09 00:00:00+00:00,-0.1792051578403076,-0.17409930209645724,0.173967674491883
2024-04-09 01:00:00+00:00,0.032894529248378705,-0.17409930209645724,4.285615673631758
2024-04-09 02:00:00+00:00,-0.1792051578403076,-0.17409930209645724,-0.29741315169402366
2024-04-09 03:00:00+00:00,-0.1792051578403076,-0.17409930209645724,-0.29741315169402366
2024-04-09 04:00:00+00:00,-0.1792051578403076,-0.17409930209645724,-0.29741315169402366
2024-04-09 05:00:00+00:00,-0.1792051578403076,-0.17409930209645724,-0.29741315169402366
2024-04-09 06:00:00+00:00,-0.1792051578403076,-0.17409930209645724,-0.29741315169402366
2024-04-09 07:00:00+00:00,-0.1792051578403076,-0.17409930209645724,-0.29741315169402366
2024-04-09 08:00:00+00:00,-0.1792051578403076,-0.17409930209645724,-0.29741315169402366
2024-04-09 09:00:00+00:00,-0.1792051578403076,-0.17409930209645724,-0.29741315169402366
2024-04-09 10:00:00+00:00,-0.1792051578403076,-0.17409930209645724,-0.29741315169402366
2024-04-09 11:00:00+00:00,-0.1792051578403076,-0.17409930209645724,-0.29741315169402366
2024-04-09 12:00:00+00:00,-0.1792051578403076,-0.17409930209645724,0.18187192615048814
2024-04-09 13:00:00+00:00,-0.1792051578403076,-0.17409930209645724,-0.29741315169402366
2024-04-09 14:00:00+00:00,-0.1792051578403076,-0.17409930209645724,1.5485888947565771
2024-04-09 15:00:00+00:00,-0.1792051578403076,-0.17409930209645724,-0.29741315169402366
2024-04-09 16:00:00+00:00,-0.1792051578403076,2.6907820888274756,-0.29741315169402366
2024-04-09 17:00:00+00:00,-0.1792051578403076,2.612985740711869,-0.05094421361206332
2024-04-09 18:00:00+00:00,-0.1792051578403076,-0.17409930209645724,16.904394162428567
2024-04-09 19:00:00+00:00,-0.1792051578403076,-0.17409930209645724,-0.29741315169402366
2024-04-09 20:00:00+00:00,3.0048353447350515,1.254636805360004,-0.29741315169402366
2024-04-09 21:00:00+00:00,-0.1792051578403076,1.948629625057957,-0.29741315169402366
2024-04-09 22:00:00+00:00,-0.1792051578403076,-0.17409930209645724,-0.08543549357688576
2024-04-09 23:00:00+00:00,-0.1792051578403076,-0.17409930209645724,-0.29741315169402366
2024-04-10 00:00:00+00:00,-0.1792051578403076,-0.17409930209645724,-0.29741315169402366
2024-04-10 01:00:00+00:00,-0.1792051578403076,-0.17409930209645724,-0.29741315169402366
2024-04-10 02:00:00+00:00,0.07531446666611596,-0.17409930209645724,0.26235157940174053
2024-04-10 03:00:00+00:00,-0.1792051578403076,-0.17409930209645724,-0.29741315169402366
2024-04-10 04:00:00+00:00,-0.1792051578403076,-0.17409930209645724,-0.29741315169402366
2024-04-10 05:00:00+00:00,-0.1792051578403076,-0.17409930209645724,-0.29741315169402366
2024-04-10 06:00:00+00:00,-0.1792051578403076,-0.17409930209645724,-0.29741315169402366
2024-04-10 07:00:00+00:00,-0.1792051578403076,-0.17409930209645724,-0.29741315169402366
2024-04-10 08:00:00+00:00,-0.1792051578403076,-0.17409930209645724,0.16462628616807692
2024-04-10 09:00:00+00:00,-0.1792051578403076,-0.17409930209645724,-0.29741315169402366
2024-04-10 10:00:00+00:00,-0.1792051578403076,-0.17409930209645724,-0.29741315169402366
2024-04-10 11:00:00+00:00,-0.1792051578403076,-0.17409930209645724,1.7641593945367176
2024-04-10 12:00:00+00:00,-0.1792051578403076,-0.17409930209645724,-0.29741315169402366
2024-04-10 13:00:00+00:00,0.7200975154157224,-0.17409930209645724,0.7071453772814299
2024-04-10 14:00:00+00:00,0.4146739660080141,-0.17409930209645724,5.247060102651184
2024-04-10 15:00:00+00:00,-0.009525408169358558,-0.17409930209645724,-0.29741315169402366
2024-04-10 16:00:00+00:00,-0.1792051578403076,1.8498406115778212,2.5775787470404468
2024-04-10 17:00:00+00:00,3.8617180805733438,1.1595523798853737,1.065710975249063
2024-04-10 18:00:00+00:00,0.07531446666611596,-0.17409930209645724,-0.29741315169402366
2024-04-10 19:00:00+00:00,2.281151212388454,-0.17409930209645724,0.858044727127528
2024-04-10 20:00:00+00:00,7.074604140592764,-0.17409930209645724,1.7706265095301217
2024-04-10 21:00:00+00:00,2.4542245570528216,0.9397468248920718,-0.29741315169402366
2024-04-10 22:00:00+00:00,-0.1792051578403076,-0.17409930209645724,-0.06890842192707501
2024-04-10 23:00:00+00:00,-0.1792051578403076,-0.17409930209645724,-0.29741315169402366
2024-04-11 00:00:00+00:00,-0.1792051578403076,-0.17409930209645724,0.3212741826749788
2024-04-11 01:00:00+00:00,-0.1792051578403076,-0.17409930209645724,-0.29741315169402366
2024-04-11 02:00:00+00:00,-0.1792051578403076,-0.17409930209645724,0.7631937072242663
2024-04-11 03:00:00+00:00,-0.1792051578403076,-0.17409930209645724,-0.29741315169402366
2024-04-11 04:00:00+00:00,-0.1792051578403076,-0.17409930209645724,-0.29741315169402366
2024-04-11 05:00:00+00:00,-0.1792051578403076,-0.17409930209645724,-0.29741315169402366
2024-04-11 06:00:00+00:00,-0.1792051578403076,-0.17409930209645724,-0.29741315169402366
2024-04-11 07:00:00+00:00,-0.1792051578403076,-0.17409930209645724,-0.29741315169402366
2024-04-11 08:00:00+00:00,-0.1792051578403076,-0.17409930209645724,-0.29741315169402366
2024-04-11 09:00:00+00:00,-0.1792051578403076,-0.17409930209645724,1.5694273764019908
2024-04-11 10:00:00+00:00,-0.1792051578403076,-0.17409930209645724,0.2810343560493527
2024-04-11 11:00:00+00:00,-0.11557525171370171,-0.17409930209645724,-0.29741315169402366
2024-04-11 12:00:00+00:00,-0.1792051578403076,0.9273981982070549,-0.29741315169402366
2024-04-11 13:00:00+00:00,-0.07315531429596445,-0.17409930209645724,1.1699033834761308
2024-04-11 14:00:00+00:00,-0.1792051578403076,1.57940568717595,-0.29741315169402366
2024-04-11 15:00:00+00:00,-0.1792051578403076,1.8905910796383771,-0.29741315169402366
2024-04-11 16:00:00+00:00,-0.1792051578403076,-0.17409930209645724,0.1653448545006774
2024-04-11 17:00:00+00:00,18.95048982006249,0.21117785047607165,0.2537287594105349
2024-04-11 18:00:00+00:00,-0.1792051578403076,-0.17409930209645724,2.841293325104818
2024-04-11 19:00:00+00:00,-0.1792051578403076,-0.17409930209645724,4.529210338383317
2024-04-11 20:00:00+00:00,2.281151212388454,-0.17409930209645724,0.4858263308404859
2024-04-11 21:00:00+00:00,-0.1792051578403076,-0.17409930209645724,-0.29741315169402366
2024-04-11 22:00:00+00:00,-0.1792051578403076,-0.17409930209645724,-0.29741315169402366
2024-04-11 23:00:00+00:00,4.636306137821227,-0.17409930209645724,-0.29741315169402366
2024-04-12 00:00:00+00:00,0.13470237905094815,-0.17409930209645724,-0.29741315169402366
2024-04-12 01:00:00+00:00,-0.1792051578403076,-0.17409930209645724,-0.29741315169402366
2024-04-12 02:00:00+00:00,-0.1792051578403076,-0.17409930209645724,-0.29741315169402366
2024-04-12 03:00:00+00:00,-0.1792051578403076,-0.17409930209645724,-0.29741315169402366
2024-04-12 04:00:00+00:00,-0.1792051578403076,-0.17409930209645724,-0.29741315169402366
2024-04-12 05:00:00+00:00,-0.1792051578403076,-0.17409930209645724,0.1387578261944601
2024-04-12 06:00:00+00:00,-0.1792051578403076,-0.17409930209645724,-0.29741315169402366
2024-04-12 07:00:00+00:00,-0.1792051578403076,-0.17409930209645724,-0.29741315169402366
2024-04-12 08:00:00+00:00,-0.1792051578403076,-0.17409930209645724,-0.29741315169402366
2024-04-12 09:00:00+00:00,-0.1792051578403076,-0.17409930209645724,-0.29741315169402366
2024-04-12 10:00:00+00:00,-0.1792051578403076,-0.17409930209645724,-0.29741315169402366
2024-04-12 11:00:00+00:00,-0.1792051578403076,-0.17409930209645724,-0.29741315169402366
2024-04-12 12:00:00+00:00,0.8694156951261577,-0.17409930209645724,-0.008548681988635736
2024-04-12 13:00:00+00:00,-0.1792051578403076,-0.17409930209645724,-0.29741315169402366
2024-04-12 14:00:00+00:00,-0.1792051578403076,-0.17409930209645724,-0.29741315169402366
2024-04-12 15:00:00+00:00,8.206368070897994,7.6660437802208055,5.219035937679766
2024-04-12 16:00:00+00:00,-0.1792051578403076,4.0194943201352995,-0.06387844359887174
2024-04-12 17:00:00+00:00,-0.1792051578403076,-0.17409930209645724,-0.29741315169402366
2024-04-12 18:00:00+00:00,-0.1792051578403076,-0.17409930209645724,-0.2600475983987994
2024-04-12 19:00:00+00:00,-0.1792051578403076,-0.17409930209645724,-0.29741315169402366
2024-04-12 20:00:00+00:00,-0.1792051578403076,-0.17409930209645724,2.134222085825958
2024-04-12 21:00:00+00:00,-0.1792051578403076,-0.17409930209645724,-0.29741315169402366
2024-04-12 22:00:00+00:00,-0.1792051578403076,-0.17409930209645724,-0.29741315169402366
2024-04-12 23:00:00+00:00,-0.1792051578403076,-0.17409930209645724,1.6843983096180655
2024-04-13 00:00:00+00:00,-0.1792051578403076,-0.17409930209645724,-0.29741315169402366
2024-04-13 01:00:00+00:00,-0.1792051578403076,-0.17409930209645724,1.1203221685266986
2024-04-13 02:00:00+00:00,-0.1792051578403076,-0.17409930209645724,-0.29741315169402366
2024-04-13 03:00:00+00:00,-0.1792051578403076,-0.17409930209645724,-0.29741315169402366
2024-04-13 04:00:00+00:00,-0.1792051578403076,-0.17409930209645724,-0.29741315169402366
2024-04-13 05:00:00+00:00,5.347264288942503,-0.17409930209645724,-0.29741315169402366
2024-04-13 06:00:00+00:00,-0.1792051578403076,-0.17409930209645724,-0.29741315169402366
2024-04-13 07:00:00+00:00,-0.1792051578403076,-0.17409930209645724,-0.29741315169402366
2024-04-13 08:00:00+00:00,-0.1792051578403076,-0.17409930209645724,-0.29741315169402366
2024-04-13 09:00:00+00:00,-0.1792051578403076,-0.17409930209645724,-0.29741315169402366
2024-04-13 10:00:00+00:00,-0.1792051578403076,-0.17409930209645724,-0.29741315169402366
2024-04-13 11:00:00+00:00,-0.1792051578403076,-0.17409930209645724,-0.29741315169402366
2024-04-13 12:00:00+00:00,-0.1792051578403076,-0.17409930209645724,0.38307105927861906
2024-04-13 13:00:00+00:00,1.9417917130465556,2.3561343056635162,-0.29741315169402366
2024-04-13 14:00:00+00:00,-0.1792051578403076,-0.17409930209645724,1.1052322335420888
2024-04-13 15:00:00+00:00,0.07531446666611596,-0.17409930209645724,4.27268144364495
2024-04-13 16:00:00+00:00,-0.1792051578403076,-0.17409930209645724,-0.29741315169402366
2024-04-13 17:00:00+00:00,1.6923624810302607,-0.17409930209645724,0.9140930570703645
2024-04-13 18:00:00+00:00,-0.1792051578403076,-0.17409930209645724,-0.29741315169402366
2024-04-13 19:00:00+00:00,-0.1792051578403076,-0.17409930209645724,-0.29741315169402366
2024-04-13 20:00:00+00:00,-0.1792051578403076,1.2669854320450211,-0.29741315169402366
2024-04-13 21:00:00+00:00,-0.1792051578403076,-0.17409930209645724,-0.29741315169402366
2024-04-13 22:00:00+00:00,-0.1792051578403076,4.487507271497442,0.638162817351785
2024-04-13 23:00:00+00:00,-0.1792051578403076,-0.17409930209645724,-0.29741315169402366
2024-04-14 00:00:00+00:00,-0.1792051578403076,-0.17409930209645724,0.7509780455700583
2024-04-14 01:00:00+00:00,-0.1792051578403076,-0.17409930209645724,-0.29741315169402366
2024-04-14 02:00:00+00:00,-0.1792051578403076,-0.17409930209645724,-0.29741315169402366
2024-04-14 03:00:00+00:00,-0.1792051578403076,-0.17409930209645724,-0.29741315169402366
2024-04-14 04:00:00+00:00,-0.1792051578403076,-0.17409930209645724,-0.29741315169402366
2024-04-14 05:00:00+00:00,-0.1792051578403076,-0.17409930209645724,-0.29741315169402366
2024-04-14 06:00:00+00:00,-0.1792051578403076,-0.17409930209645724,-0.29741315169402366
2024-04-14 07:00:00+00:00,-0.1792051578403076,-0.17409930209645724,-0.29741315169402366
2024-04-14 08:00:00+00:00,-0.1792051578403076,-0.17409930209645724,-0.29741315169402366
2024-04-14 09:00:00+00:00,-0.1792051578403076,-0.17409930209645724,-0.29741315169402366
2024-04-14 10:00:00+00:00,-0.1792051578403076,-0.17409930209645724,-0.29741315169402366
2024-04-14 11:00:00+00:00,-0.1792051578403076,-0.17409930209645724,-0.29741315169402366
2024-04-14 12:00:00+00:00,-0.1792051578403076,-0.17409930209645724,-0.29741315169402366
2024-04-14 13:00:00+00:00,-0.1792051578403076,-0.17409930209645724,-0.29741315169402366
2024-04-14 14:00:00+00:00,-0.1792051578403076,-0.17409930209645724,-0.29741315169402366
2024-04-14 15:00:00+00:00,-0.1792051578403076,-0.17409930209645724,-0.29741315169402366
2024-04-14 16:00:00+00:00,-0.1792051578403076,-0.17409930209645724,-0.29741315169402366
2024-04-14 17:00:00+00:00,0.3807380160738243,-0.17409930209645724,-0.29741315169402366
2024-04-14 18:00:00+00:00,-0.1792051578403076,-0.17409930209645724,0.3054656793577685
2024-04-14 19:00:00+00:00,-0.1792051578403076,-0.17409930209645724,-0.29741315169402366
2024-04-14 20:00:00+00:00,-0.1792051578403076,0.5754623376840718,1.8482318894509722
2024-04-14 21:00:00+00:00,-0.1792051578403076,-0.17409930209645724,-0.29741315169402366
2024-04-14 22:00:00+00:00,-0.1792051578403076,-0.17409930209645724,-0.29741315169402366
2024-04-14 23:00:00+00:00,-0.1792051578403076,-0.17409930209645724,-0.29741315169402366
2024-04-15 00:00:00+00:00,0.1601543415015905,-0.17409930209645724,-0.12998673019811474
2024-04-15 01:00:00+00:00,-0.1792051578403076,-0.17409930209645724,-0.29741315169402366
2024-04-15 02:00:00+00:00,-0.1792051578403076,-0.17409930209645724,-0.29741315169402366
2024-04-15 03:00:00+00:00,-0.1792051578403076,-0.17409930209645724,-0.29741315169402366
2024-04-15 04:00:00+00:00,-0.1792051578403076,-0.17409930209645724,0.9873870269956121
2024-04-15 05:00:00+00:00,-0.1792051578403076,-0.17409930209645724,-0.29741315169402366
2024-04-15 06:00:00+00:00,-0.1792051578403076,-0.17409930209645724,-0.29741315169402366
2024-04-15 07:00:00+00:00,-0.1792051578403076,-0.17409930209645724,-0.29741315169402366
2024-04-15 08:00:00+00:00,-0.1792051578403076,-0.17409930209645724,-0.07393840025527827
2024-04-15 09:00:00+00:00,-0.1792051578403076,-0.17409930209645724,-0.29741315169402366
2024-04-15 10:00:00+00:00,-0.009525408169358558,-0.17409930209645724,-0.29741315169402366
2024-04-15 11:00:00+00:00,-0.1792051578403076,-0.17409930209645724,-0.29741315169402366
2024-04-15 12:00:00+00:00,-0.1792051578403076,4.827094505335408,3.2429730230284797
2024-04-15 13:00:00+00:00,-0.1792051578403076,-0.17409930209645724,0.8803203454381424
2024-04-15 14:00:00+00:00,3.8091173581753495,4.060244788195855,3.860941789064882
2024-04-15 15:00:00+00:00,-0.1792051578403076,-0.17409930209645724,5.365623877530261
2024-04-15 16:00:00+00:00,-0.1792051578403076,-0.17409930209645724,0.7200796072682383
2024-04-15 17:00:00+00:00,-0.1792051578403076,-0.17409930209645724,0.5677431207569392
2024-04-15 18:00:00+00:00,-0.1792051578403076,-0.17409930209645724,0.9507400420329882
2024-04-15 19:00:00+00:00,0.6191380643615076,-0.17409930209645724,0.0007927063351703402
2024-04-15 20:00:00+00:00,1.8569518382110812,-0.17409930209645724,0.0834280645842241
2024-04-15 21:00:00+00:00,-0.1792051578403076,-0.17409930209645724,-0.29741315169402366
2024-04-15 22:00:00+00:00,-0.1792051578403076,-0.17409930209645724,1.4702649465031263
2024-04-15 23:00:00+00:00,-0.1792051578403076,-0.17409930209645724,2.6343456453158836
2024-04-16 00:00:00+00:00,0.7200975154157224,-0.17409930209645724,-0.29741315169402366
2024-04-16 01:00:00+00:00,-0.1792051578403076,-0.17409930209645724,0.16606342283327785
2024-04-16 02:00:00+00:00,-0.1792051578403076,-0.17409930209645724,0.6769655073122103
2024-04-16 03:00:00+00:00,-0.1792051578403076,-0.17409930209645724,-0.29741315169402366
2024-04-16 04:00:00+00:00,-0.1792051578403076,-0.17409930209645724,-0.29741315169402366
2024-04-16 05:00:00+00:00,-0.1792051578403076,-0.17409930209645724,-0.29741315169402366
2024-04-16 06:00:00+00:00,3.670828362193526,-0.17409930209645724,-0.29741315169402366
2024-04-16 07:00:00+00:00,-0.1792051578403076,-0.17409930209645724,-0.29741315169402366
2024-04-16 08:00:00+00:00,-0.1792051578403076,-0.17409930209645724,-0.29741315169402366
2024-04-16 09:00:00+00:00,-0.1792051578403076,-0.17409930209645724,-0.29741315169402366
2024-04-16 10:00:00+00:00,-0.1792051578403076,-0.17409930209645724,-0.29741315169402366
2024-04-16 11:00:00+00:00,-0.1792051578403076,-0.17409930209645724,-0.29741315169402366
2024-04-16 12:00:00+00:00,-0.1792051578403076,4.310921909901699,-0.29741315169402366
2024-04-16 13:00:00+00:00,0.32983409117253953,-0.17409930209645724,-0.29741315169402366
2024-04-16 14:00:00+00:00,4.476807173130534,-0.17409930209645724,-0.29741315169402366
2024-04-16 15:00:00+00:00,-0.1792051578403076,-0.17409930209645724,-0.08543549357688576
2024-04-16 16:00:00+00:00,-0.1792051578403076,0.756987149953821,-0.13573527685891848
2024-04-16 17:00:00+00:00,-0.1792051578403076,-0.17409930209645724,-0.29741315169402366
2024-04-16 18:00:00+00:00,-0.1792051578403076,0.8076165193623905,-0.29741315169402366
2024-04-16 19:00:00+00:00,-0.1792051578403076,-0.17409930209645724,-0.29741315169402366
2024-04-16 20:00:00+00:00,-0.1792051578403076,-0.17409930209645724,0.9485843370351869
2024-04-16 21:00:00+00:00,-0.1792051578403076,-0.17409930209645724,-0.29741315169402366
2024-04-16 22:00:00+00:00,-0.1792051578403076,14.878876626939208,0.27816008271895076
2024-04-16 23:00:00+00:00,-0.1792051578403076,-0.17409930209645724,0.18259049448308862
2024-04-17 00:00:00+00:00,-0.1792051578403076,-0.17409930209645724,-0.29741315169402366
2024-04-17 01:00:00+00:00,-0.1792051578403076,-0.17409930209645724,-0.29741315169402366
2024-04-17 02:00:00+00:00,0.24838781133048402,-0.17409930209645724,-0.29741315169402366
2024-04-17 03:00:00+00:00,-0.1792051578403076,-0.17409930209645724,-0.29741315169402366
2024-04-17 04:00:00+00:00,-0.1792051578403076,-0.17409930209645724,-0.29741315169402366
2024-04-17 05:00:00+00:00,-0.1792051578403076,-0.17409930209645724,-0.29741315169402366
2024-04-17 06:00:00+00:00,-0.1792051578403076,-0.17409930209645724,-0.29741315169402366
2024-04-17 07:00:00+00:00,-0.1792051578403076,-0.17409930209645724,-0.29741315169402366
2024-04-17 08:00:00+00:00,-0.1792051578403076,-0.17409930209645724,-0.29741315169402366
2024-04-17 09:00:00+00:00,-0.1792051578403076,-0.17409930209645724,-0.29741315169402366
2024-04-17 10:00:00+00:00,-0.1792051578403076,0.8076165193623905,-0.29741315169402366
2024-04-17 11:00:00+00:00,-0.1792051578403076,-0.17409930209645724,0.29684285936656296
2024-04-17 12:00:00+00:00,-0.1792051578403076,-0.17409930209645724,-0.29741315169402366
2024-04-17 13:00:00+00:00,-0.1792051578403076,-0.17409930209645724,-0.29741315169402366
2024-04-17 14:00:00+00:00,-0.1792051578403076,-0.17409930209645724,-0.29741315169402366
2024-04-17 15:00:00+00:00,-0.1792051578403076,0.3828237613978073,-0.29741315169402366
2024-04-17 16:00:00+00:00,-0.1792051578403076,-0.17409930209645724,-0.29741315169402366
2024-04-17 17:00:00+00:00,-0.1792051578403076,-0.17409930209645724,-0.29741315169402366
2024-04-17 18:00:00+00:00,-0.1792051578403076,0.5445907709715294,-0.29741315169402366
2024-04-17 19:00:00+00:00,-0.1792051578403076,-0.17409930209645724,-0.29741315169402366
2024-04-17 20:00:00+00:00,-0.1792051578403076,-0.17409930209645724,2.257815839033239
2024-04-17 21:00:00+00:00,0.9067452400537664,1.2855083720725466,-0.29741315169402366
2024-04-17 22:00:00+00:00,-0.1792051578403076,-0.17409930209645724,-0.29741315169402366
2024-04-17 23:00:00+00:00,0.04562051047369989,-0.17409930209645724,-0.29741315169402366
2024-04-18 00:00:00+00:00,-0.1792051578403076,-0.17409930209645724,-0.29741315169402366
2024-04-18 01:00:00+00:00,1.0424890397905258,-0.17409930209645724,0.007978389661175015
2024-04-18 02:00:00+00:00,-0.1792051578403076,-0.17409930209645724,-0.29741315169402366
2024-04-18 03:00:00+00:00,-0.1792051578403076,-0.17409930209645724,-0.29741315169402366
2024-04-18 04:00:00+00:00,-0.1792051578403076,-0.17409930209645724,-0.29741315169402366
2024-04-18 05:00:00+00:00,-0.1792051578403076,-0.17409930209645724,-0.29741315169402366
2024-04-18 06:00:00+00:00,-0.1792051578403076,-0.17409930209645724,-0.29741315169402366
2024-04-18 07:00:00+00:00,-0.1792051578403076,-0.17409930209645724,-0.29741315169402366
2024-04-18 08:00:00+00:00,-0.1792051578403076,-0.17409930209645724,-0.29741315169402366
2024-04-18 09:00:00+00:00,-0.1792051578403076,-0.17409930209645724,-0.29741315169402366
2024-04-18 10:00:00+00:00,-0.1792051578403076,-0.17409930209645724,-0.29741315169402366
2024-04-18 11:00:00+00:00,-0.13678522042257035,-0.17409930209645724,-0.29741315169402366
2024-04-18 12:00:00+00:00,4.680422872735673,-0.17409930209645724,-0.29741315169402366
2024-04-18 13:00:00+00:00,-0.009525408169358558,-0.17409930209645724,-0.29741315169402366
2024-04-18 14:00:00+00:00,-0.1792051578403076,-0.17409930209645724,-0.07250126359007734
2024-04-18 15:00:00+00:00,2.790190461401301,1.5719965111649399,0.8932545754249509
2024-04-18 16:00:00+00:00,-0.1792051578403076,-0.17409930209645724,-0.29741315169402366
2024-04-18 17:00:00+00:00,-0.1792051578403076,-0.17409930209645724,-0.29741315169402366
2024-04-18 18:00:00+00:00,-0.1792051578403076,-0.17409930209645724,1.8439204794553694
2024-04-18 19:00:00+00:00,-0.1792051578403076,-0.17409930209645724,0.5806773507437476
2024-04-18 20:00:00+00:00,0.24838781133048402,-0.17409930209645724,-0.29741315169402366
2024-04-18 21:00:00+00:00,-0.1792051578403076,-0.17409930209645724,0.7495409089048574
2024-04-18 22:00:00+00:00,-0.1792051578403076,-0.17409930209645724,-0.29741315169402366
2024-04-18 23:00:00+00:00,0.881293277603124,-0.17409930209645724,-0.29741315169402366
2024-04-19 00:00:00+00:00,0.12706679031575543,-0.17409930209645724,-0.29741315169402366
2024-04-19 01:00:00+00:00,-0.1792051578403076,-0.17409930209645724,-0.29741315169402366
2024-04-19 02:00:00+00:00,-0.1792051578403076,-0.17409930209645724,-0.29741315169402366
2024-04-19 03:00:00+00:00,-0.1792051578403076,-0.17409930209645724,-0.29741315169402366
2024-04-19 04:00:00+00:00,-0.1792051578403076,-0.17409930209645724,-0.29741315169402366
2024-04-19 05:00:00+00:00,-0.1792051578403076,-0.17409930209645724,-0.29741315169402366
2024-04-19 06:00:00+00:00,-0.1792051578403076,-0.17409930209645724,-0.29741315169402366
2024-04-19 07:00:00+00:00,-0.1792051578403076,-0.17409930209645724,-0.29741315169402366
2024-04-19 08:00:00+00:00,-0.1792051578403076,-0.17409930209645724,-0.29741315169402366
2024-04-19 09:00:00+00:00,-0.1792051578403076,-0.17409930209645724,-0.29741315169402366
2024-04-19 10:00:00+00:00,-0.1792051578403076,-0.17409930209645724,-0.29741315169402366
2024-04-19 11:00:00+00:00,-0.1792051578403076,-0.17409930209645724,-0.29741315169402366
2024-04-19 12:00:00+00:00,-0.1792051578403076,-0.17409930209645724,0.7445109305766541
2024-04-19 13:00:00+00:00,-0.1792051578403076,-0.17409930209645724,-0.29741315169402366
2024-04-19 14:00:00+00:00,-0.1792051578403076,-0.17409930209645724,-0.29741315169402366
2024-04-19 15:00:00+00:00,-0.1792051578403076,-0.17409930209645724,-0.29741315169402366
2024-04-19 16:00:00+00:00,-0.1792051578403076,0.6495540977941735,-0.29741315169402366
2024-04-19 17:00:00+00:00,-0.1792051578403076,-0.17409930209645724,-0.29741315169402366
2024-04-19 18:00:00+00:00,0.07531446666611596,-0.17409930209645724,-0.29741315169402366
2024-04-19 19:00:00+00:00,0.07531446666611596,-0.17409930209645724,-0.29741315169402366
2024-04-19 20:00:00+00:00,-0.1792051578403076,-0.17409930209645724,-0.29741315169402366
2024-04-19 21:00:00+00:00,-0.1792051578403076,-0.17409930209645724,-0.29741315169402366
2024-04-19 22:00:00+00:00,-0.1792051578403076,-0.17409930209645724,-0.29741315169402366
2024-04-19 23:00:00+00:00,-0.1792051578403076,-0.17409930209645724,-0.29741315169402366
2024-04-20 00:00:00+00:00,-0.1792051578403076,-0.17409930209645724,-0.29741315169402366
2024-04-20 01:00:00+00:00,-0.1792051578403076,-0.17409930209645724,-0.29741315169402366
2024-04-20 02:00:00+00:00,-0.1792051578403076,-0.17409930209645724,-0.29741315169402366
2024-04-20 03:00:00+00:00,-0.1792051578403076,-0.17409930209645724,-0.29741315169402366
2024-04-20 04:00:00+00:00,-0.1792051578403076,-0.17409930209645724,-0.29741315169402366
2024-04-20 05:00:00+00:00,-0.1792051578403076,-0.17409930209645724,-0.29741315169402366
2024-04-20 06:00:00+00:00,-0.1792051578403076,-0.17409930209645724,-0.29741315169402366
2024-04-20 07:00:00+00:00,-0.1792051578403076,-0.17409930209645724,-0.29741315169402366
2024-04-20 08:00:00+00:00,-0.1792051578403076,-0.17409930209645724,-0.29741315169402366
2024-04-20 09:00:00+00:00,-0.1792051578403076,-0.17409930209645724,-0.29741315169402366
2024-04-20 10:00:00+00:00,-0.1792051578403076,-0.17409930209645724,-0.29741315169402366
2024-04-20 11:00:00+00:00,-0.1792051578403076,-0.17409930209645724,-0.29741315169402366
2024-04-20 12:00:00+00:00,-0.1792051578403076,-0.17409930209645724,-0.29741315169402366
2024-04-20 13:00:00+00:00,-0.1792051578403076,-0.17409930209645724,-0.29741315169402366
2024-04-20 14:00:00+00:00,-0.1792051578403076,-0.17409930209645724,-0.29741315169402366
2024-04-20 15:00:00+00:00,-0.1792051578403076,-0.17409930209645724,-0.29741315169402366
2024-04-20 16:00:00+00:00,-0.1792051578403076,-0.17409930209645724,-0.29741315169402366
2024-04-20 17:00:00+00:00,-0.1792051578403076,-0.17409930209645724,-0.29741315169402366
2024-04-20 18:00:00+00:00,0.24499421633706503,-0.17409930209645724,-0.29741315169402366
2024-04-20 19:00:00+00:00,-0.1792051578403076,-0.17409930209645724,-0.29741315169402366
2024-04-20 20:00:00+00:00,-0.1792051578403076,-0.17409930209645724,1.9854784409776614
2024-04-20 21:00:00+00:00,-0.1792051578403076,0.3247852159782277,-0.29741315169402366
2024-04-20 22:00:00+00:00,-0.1792051578403076,-0.17409930209645724,-0.29741315169402366
2024-04-20 23:00:00+00:00,-0.1792051578403076,-0.17409930209645724,-0.29741315169402366
2024-04-21 00:00:00+00:00,-0.1792051578403076,-0.17409930209645724,-0.29741315169402366
2024-04-21 01:00:00+00:00,-0.1792051578403076,-0.17409930209645724,-0.29741315169402366
2024-04-21 02:00:00+00:00,-0.1792051578403076,-0.17409930209645724,-0.29741315169402366
2024-04-21 03:00:00+00:00,-0.1792051578403076,-0.17409930209645724,-0.29741315169402366
2024-04-21 04:00:00+00:00,-0.1792051578403076,-0.17409930209645724,-0.29741315169402366
2024-04-21 05:00:00+00:00,-0.1792051578403076,-0.17409930209645724,-0.29741315169402366
2024-04-21 06:00:00+00:00,-0.1792051578403076,-0.17409930209645724,-0.29741315169402366
2024-04-21 07:00:00+00:00,-0.1792051578403076,-0.17409930209645724,-0.29741315169402366
2024-04-21 08:00:00+00:00,-0.1792051578403076,-0.17409930209645724,-0.29741315169402366
2024-04-21 09:00:00+00:00,-0.1792051578403076,-0.17409930209645724,-0.29741315169402366
2024-04-21 10:00:00+00:00,-0.1792051578403076,-0.17409930209645724,-0.29741315169402366
2024-04-21 11:00:00+00:00,-0.1792051578403076,0.33219439198923784,-0.29741315169402366
2024-04-21 12:00:00+00:00,-0.1792051578403076,-0.17409930209645724,-0.29741315169402366
2024-04-21 13:00:00+00:00,-0.1792051578403076,-0.17409930209645724,-0.29741315169402366
2024-04-21 14:00:00+00:00,-0.1792051578403076,-0.17409930209645724,-0.29741315169402366
2024-04-21 15:00:00+00:00,-0.1792051578403076,0.4334531308063768,-0.29741315169402366
2024-04-21 16:00:00+00:00,-0.1792051578403076,-0.17409930209645724,-0.29741315169402366
2024-04-21 17:00:00+00:00,-0.1792051578403076,-0.17409930209645724,-0.29741315169402366
2024-04-21 18:00:00+00:00,-0.1792051578403076,-0.17409930209645724,-0.29741315169402366
2024-04-21 19:00:00+00:00,-0.1792051578403076,-0.17409930209645724,-0.29741315169402366
2024-04-21 20:00:00+00:00,-0.1792051578403076,-0.17409930209645724,-0.29741315169402366
2024-04-21 21:00:00+00:00,-0.1792051578403076,-0.17409930209645724,-0.29741315169402366
2024-04-21 22:00:00+00:00,-0.1792051578403076,-0.17409930209645724,-0.29741315169402366
2024-04-21 23:00:00+00:00,-0.1792051578403076,-0.17409930209645724,-0.29741315169402366
2024-04-22 00:00:00+00:00,-0.1792051578403076,1.6436185459380381,-0.29741315169402366
2024-04-22 01:00:00+00:00,-0.1792051578403076,-0.17409930209645724,-0.29741315169402366
2024-04-22 02:00:00+00:00,-0.1792051578403076,-0.17409930209645724,-0.29741315169402366
2024-04-22 03:00:00+00:00,-0.1792051578403076,-0.17409930209645724,-0.29741315169402366
2024-04-22 04:00:00+00:00,-0.1792051578403076,-0.17409930209645724,-0.29741315169402366
2024-04-22 05:00:00+00:00,-0.1792051578403076,-0.17409930209645724,-0.29741315169402366
2024-04-22 06:00:00+00:00,-0.1792051578403076,-0.17409930209645724,-0.29741315169402366
2024-04-22 07:00:00+00:00,-0.1792051578403076,-0.17409930209645724,-0.29741315169402366
2024-04-22 08:00:00+00:00,-0.1792051578403076,-0.17409930209645724,-0.29741315169402366
2024-04-22 09:00:00+00:00,-0.1792051578403076,-0.17409930209645724,-0.29741315169402366
2024-04-22 10:00:00+00:00,-0.1792051578403076,-0.17409930209645724,-0.12064534187430867
2024-04-22 11:00:00+00:00,-0.13678522042257035,-0.17409930209645724,3.052552414889356
2024-04-22 12:00:00+00:00,-0.1792051578403076,-0.17409930209645724,-0.29741315169402366
2024-04-22 13:00:00+00:00,-0.1792051578403076,-0.17409930209645724,-0.29741315169402366
2024-04-22 14:00:00+00:00,-0.1792051578403076,-0.17409930209645724,-0.29741315169402366
2024-04-22 15:00:00+00:00,-0.1792051578403076,-0.17409930209645724,-0.29741315169402366
2024-04-22 16:00:00+00:00,-0.1792051578403076,-0.17409930209645724,-0.08399835691168482
2024-04-22 17:00:00+00:00,-0.1792051578403076,-0.17409930209645724,-0.29741315169402366
2024-04-22 18:00:00+00:00,-0.1792051578403076,-0.17409930209645724,-0.29741315169402366
2024-04-22 19:00:00+00:00,-0.1792051578403076,-0.17409930209645724,0.8494219071363224
2024-04-22 20:00:00+00:00,-0.1792051578403076,3.267462955017767,-0.29741315169402366
2024-04-22 21:00:00+00:00,0.24499421633706503,0.3815888987293056,-0.29741315169402366
2024-04-22 22:00:00+00:00,-0.1792051578403076,-0.17409930209645724,-0.29741315169402366
2024-04-22 23:00:00+00:00,-0.1792051578403076,-0.17409930209645724,-0.179567945147547
2024-04-23 00:00:00+00:00,-0.1792051578403076,-0.17409930209645724,-0.29741315169402366
2024-04-23 01:00:00+00:00,-0.1792051578403076,-0.17409930209645724,-0.29741315169402366
2024-04-23 02:00:00+00:00,-0.1792051578403076,-0.17409930209645724,-0.29741315169402366
2024-04-23 03:00:00+00:00,-0.1792051578403076,-0.17409930209645724,-0.29741315169402366
2024-04-23 04:00:00+00:00,-0.1792051578403076,-0.17409930209645724,-0.29741315169402366
2024-04-23 05:00:00+00:00,-0.1792051578403076,-0.17409930209645724,-0.29741315169402366
2024-04-23 06:00:00+00:00,-0.1792051578403076,-0.17409930209645724,-0.29741315169402366
2024-04-23 07:00:00+00:00,-0.1792051578403076,-0.17409930209645724,-0.29741315169402366
2024-04-23 08:00:00+00:00,-0.1792051578403076,-0.17409930209645724,-0.29741315169402366
2024-04-23 09:00:00+00:00,-0.1792051578403076,-0.17409930209645724,-0.29741315169402366
2024-04-23 10:00:00+00:00,-0.1792051578403076,-0.17409930209645724,-0.29741315169402366
2024-04-23 11:00:00+00:00,0.1601543415015905,-0.17409930209645724,2.752909420194961
2024-04-23 12:00:00+00:00,-0.1792051578403076,-0.17409930209645724,-0.29741315169402366
2024-04-23 13:00:00+00:00,1.9765760617291002,-0.17409930209645724,-0.29741315169402366
2024-04-23 14:00:00+00:00,-0.1792051578403076,1.446040518977767,-0.29741315169402366
2024-04-23 15:00:00+00:00,-0.1792051578403076,-0.17409930209645724,-0.29741315169402366
2024-04-23 16:00:00+00:00,-0.1792051578403076,-0.17409930209645724,-0.29741315169402366
2024-04-23 17:00:00+00:00,0.8388733401853867,-0.17409930209645724,-0.29741315169402366
2024-04-23 18:00:00+00:00,0.07531446666611596,-0.17409930209645724,-0.29741315169402366
2024-04-23 19:00:00+00:00,-0.1792051578403076,-0.17409930209645724,0.013008367989378287
2024-04-23 20:00:00+00:00,-0.1792051578403076,-0.17409930209645724,-0.29741315169402366
2024-04-23 21:00:00+00:00,-0.1792051578403076,-0.17409930209645724,-0.29741315169402366
2024-04-23 22:00:00+00:00,0.032894529248378705,0.8989963568315159,1.8015249478319417
2024-04-23 23:00:00+00:00,-0.1792051578403076,-0.17409930209645724,-0.29741315169402366
2024-04-24 00:00:00+00:00,-0.1792051578403076,-0.17409930209645724,-0.29741315169402366
2024-04-24 01:00:00+00:00,-0.1792051578403076,-0.17409930209645724,-0.29741315169402366
2024-04-24 02:00:00+00:00,-0.1792051578403076,-0.17409930209645724,-0.29741315169402366
2024-04-24 03:00:00+00:00,-0.1792051578403076,-0.17409930209645724,-0.29741315169402366
2024-04-24 04:00:00+00:00,-0.1792051578403076,-0.17409930209645724,-0.29741315169402366
2024-04-24 05:00:00+00:00,-0.1792051578403076,-0.17409930209645724,1.1339749668461074
2024-04-24 06:00:00+00:00,-0.1792051578403076,-0.17409930209645724,-0.29741315169402366
2024-04-24 07:00:00+00:00,-0.1792051578403076,-0.17409930209645724,-0.29741315169402366
2024-04-24 08:00:00+00:00,-0.1792051578403076,-0.17409930209645724,-0.29741315169402366
2024-04-24 09:00:00+00:00,-0.1792051578403076,-0.17409930209645724,-0.29741315169402366
2024-04-24 10:00:00+00:00,-0.1792051578403076,-0.17409930209645724,-0.29741315169402366
2024-04-24 11:00:00+00:00,-0.1792051578403076,-0.17409930209645724,-0.29741315169402366
2024-04-24 12:00:00+00:00,-0.1792051578403076,-0.17409930209645724,-0.29741315169402366
2024-04-24 13:00:00+00:00,-0.1792051578403076,-0.17409930209645724,-0.29741315169402366
2024-04-24 14:00:00+00:00,-0.1792051578403076,-0.17409930209645724,-0.29741315169402366
2024-04-24 15:00:00+00:00,-0.1792051578403076,-0.17409930209645724,-0.29741315169402366
2024-04-24 16:00:00+00:00,0.032894529248378705,-0.17409930209645724,-0.29741315169402366
2024-04-24 17:00:00+00:00,-0.1792051578403076,-0.17409930209645724,-0.29741315169402366
2024-04-24 18:00:00+00:00,-0.1792051578403076,-0.17409930209645724,-0.2083106784515657
2024-04-24 19:00:00+00:00,-0.1792051578403076,-0.17409930209645724,-0.29741315169402366
2024-04-24 20:00:00+00:00,-0.1792051578403076,-0.17409930209645724,-0.29741315169402366
2024-04-24 21:00:00+00:00,-0.1792051578403076,-0.17409930209645724,-0.29741315169402366
2024-04-24 22:00:00+00:00,-0.1792051578403076,-0.17409930209645724,0.3313341393313854
2024-04-24 23:00:00+00:00,-0.1792051578403076,-0.17409930209645724,-0.29741315169402366
2024-04-25 00:00:00+00:00,-0.1792051578403076,-0.17409930209645724,-0.29741315169402366
2024-04-25 01:00:00+00:00,-0.1792051578403076,-0.17409930209645724,-0.29741315169402366
2024-04-25 02:00:00+00:00,-0.1792051578403076,-0.17409930209645724,-0.29741315169402366
2024-04-25 03:00:00+00:00,-0.1792051578403076,-0.17409930209645724,-0.29741315169402366
2024-04-25 04:00:00+00:00,-0.1792051578403076,-0.17409930209645724,-0.29741315169402366
2024-04-25 05:00:00+00:00,-0.1792051578403076,-0.17409930209645724,-0.29741315169402366
2024-04-25 06:00:00+00:00,0.1601543415015905,-0.17409930209645724,-0.29741315169402366
2024-04-25 07:00:00+00:00,-0.1792051578403076,-0.17409930209645724,-0.29741315169402366
2024-04-25 08:00:00+00:00,-0.1792051578403076,-0.17409930209645724,-0.29741315169402366
2024-04-25 09:00:00+00:00,-0.1792051578403076,-0.17409930209645724,-0.29741315169402366
2024-04-25 10:00:00+00:00,-0.1792051578403076,-0.17409930209645724,-0.08543549357688576
2024-04-25 11:00:00+00:00,-0.1792051578403076,-0.17409930209645724,-0.015015796982039944
2024-04-25 12:00:00+00:00,-0.1792051578403076,-0.17409930209645724,-0.29741315169402366
2024-04-25 13:00:00+00:00,-0.1792051578403076,-0.17409930209645724,-0.29741315169402366
2024-04-25 14:00:00+00:00,-0.1792051578403076,-0.17409930209645724,-0.29741315169402366
2024-04-25 15:00:00+00:00,0.011684560539510076,-0.17409930209645724,-0.29741315169402366
2024-04-25 16:00:00+00:00,-0.1792051578403076,-0.17409930209645724,-0.29741315169402366
2024-04-25 17:00:00+00:00,-0.1792051578403076,-0.17409930209645724,-0.29741315169402366
2024-04-25 18:00:00+00:00,-0.1792051578403076,-0.17409930209645724,-0.29741315169402366
2024-04-25 19:00:00+00:00,-0.1792051578403076,-0.17409930209645724,-0.29741315169402366
2024-04-25 20:00:00+00:00,-0.1792051578403076,-0.17409930209645724,-0.29741315169402366
2024-04-25 21:00:00+00:00,-0.1792051578403076,-0.17409930209645724,-0.29741315169402366
2024-04-25 22:00:00+00:00,-0.1792051578403076,-0.17409930209645724,-0.29741315169402366
2024-04-25 23:00:00+00:00,-0.1792051578403076,-0.17409930209645724,2.713388161901935
2024-04-26 00:00:00+00:00,-0.1792051578403076,0.3062622759507022,-0.29741315169402366
2024-04-26 01:00:00+00:00,0.07531446666611596,-0.17409930209645724,0.6647498456580023
2024-04-26 02:00:00+00:00,-0.1792051578403076,-0.17409930209645724,-0.29741315169402366
2024-04-26 03:00:00+00:00,-0.1792051578403076,-0.17409930209645724,-0.29741315169402366
2024-04-26 04:00:00+00:00,-0.1792051578403076,-0.17409930209645724,-0.29741315169402366
2024-04-26 05:00:00+00:00,-0.1792051578403076,-0.17409930209645724,-0.29741315169402366
2024-04-26 06:00:00+00:00,-0.1792051578403076,-0.17409930209645724,-0.29741315169402366
2024-04-26 07:00:00+00:00,-0.1792051578403076,-0.17409930209645724,-0.29741315169402366
2024-04-26 08:00:00+00:00,-0.1792051578403076,-0.17409930209645724,-0.29741315169402366
2024-04-26 09:00:00+00:00,-0.1792051578403076,-0.17409930209645724,-0.29741315169402366
2024-04-26 10:00:00+00:00,-0.1792051578403076,-0.17409930209645724,-0.29741315169402366
2024-04-26 11:00:00+00:00,-0.1792051578403076,-0.17409930209645724,-0.29741315169402366
2024-04-26 12:00:00+00:00,-0.1792051578403076,-0.17409930209645724,-0.29741315169402366
2024-04-26 13:00:00+00:00,-0.1792051578403076,-0.17409930209645724,-0.29741315169402366
2024-04-26 14:00:00+00:00,-0.1792051578403076,-0.17409930209645724,-0.29741315169402366
2024-04-26 15:00:00+00:00,-0.1792051578403076,-0.17409930209645724,0.3363641176595887
2024-04-26 16:00:00+00:00,-0.1792051578403076,-0.17409930209645724,1.4408036448665071
2024-04-26 17:00:00+00:00,-0.1792051578403076,-0.17409930209645724,-0.2083106784515657
2024-04-26 18:00:00+00:00,-0.1792051578403076,0.23834482918310895,-0.29741315169402366
2024-04-26 19:00:00+00:00,-0.1792051578403076,-0.17409930209645724,0.31408849934897415
2024-04-26 20:00:00+00:00,-0.1792051578403076,-0.17409930209645724,-0.29741315169402366
2024-04-26 21:00:00+00:00,-0.1792051578403076,-0.17409930209645724,-0.29741315169402366
2024-04-26 22:00:00+00:00,0.04562051047369989,-0.17409930209645724,-0.29741315169402366
2024-04-26 23:00:00+00:00,-0.1792051578403076,-0.17409930209645724,-0.29741315169402366
2024-04-27 00:00:00+00:00,-0.1792051578403076,-0.17409930209645724,-0.29741315169402366
2024-04-27 01:00:00+00:00,-0.1792051578403076,-0.17409930209645724,-0.29741315169402366
2024-04-27 02:00:00+00:00,-0.13678522042257035,-0.17409930209645724,-0.29741315169402366
2024-04-27 03:00:00+00:00,-0.1792051578403076,-0.17409930209645724,-0.29741315169402366
